region,average_network_health_score
Cairo,20.578367346938776
Suez Canal,20.231749999999998
Upper Egypt,19.126774193548385
Giza,16.32205882352941
Alexandria,14.562432432432434
